<keymap version="1" name="Default for Windows copy" parent="$default">
  <action id="ActivateMavenToolWindow">
    <keyboard-shortcut first-keystroke="alt f2" />
  </action>
  <action id="CloseContent">
    <keyboard-shortcut first-keystroke="ctrl f4" />
    <keyboard-shortcut first-keystroke="ctrl w" />
  </action>
  <action id="Diff.NextChange" />
  <action id="Diff.PrevChange" />
  <action id="EditorDecreaseFontSize">
    <keyboard-shortcut first-keystroke="shift alt minus" />
  </action>
  <action id="EditorIncreaseFontSize">
    <keyboard-shortcut first-keystroke="shift alt equals" />
  </action>
  <action id="EditorSelectWord" />
  <action id="JumpToLastChange">
    <keyboard-shortcut first-keystroke="shift ctrl back_space" />
    <keyboard-shortcut first-keystroke="alt left" />
  </action>
  <action id="JumpToNextChange">
    <keyboard-shortcut first-keystroke="alt right" />
  </action>
  <action id="NextTab" />
  <action id="PreviousTab" />
</keymap>